{
  "schema": "v1",
  "enabled": true,
  "name": "Amalgam",
  "anchor": {
    "Screen": "RightCenter"
  },
  "pos": [
    -1190.0,
    624.0
  ],
  "opacity": 0.7867,
  "trigger": {
    "source": "Always",
    "threshold": {
      "threshold_type": "Present",
      "amount_type": "Intensity"
    }
  },
  "filter": {
    "player": {
      "combat": null,
      "specs": [
        "Amalgam"
      ],
      "weapons": [],
      "traits": [],
      "mounts": [
        "None"
      ]
    },
    "map": {
      "category": [
        "PvE",
        "Instance",
        "Other"
      ],
      "whitelist": true,
      "ids": []
    }
  },
  "animation": null,
  "layer": 0,
  "elements": [
    {
      "enabled": true,
      "name": "EvolveDuration",
      "anchor": "Parent",
      "pos": [
        -267.0,
        -92.0
      ],
      "opacity": 1.0,
      "trigger": {
        "source": {
          "Buff": [
            77008
          ]
        },
        "threshold": {
          "threshold_type": "Present",
          "amount_type": "Intensity"
        }
      },
      "filter": {
        "player": {
          "combat": null,
          "specs": [],
          "weapons": [],
          "traits": [],
          "mounts": []
        },
        "map": {
          "category": [],
          "whitelist": true,
          "ids": []
        }
      },
      "animation": null,
      "type": "Icon",
      "icon": {
        "File": "Amalgam\\evolve.png"
      },
      "tint": [
        1.0,
        0.7985333,
        0.23076922,
        1.0
      ],
      "zoom": 1.0,
      "round": 0.0,
      "border_size": 0.0,
      "border_color": [
        0.0,
        0.0,
        0.0,
        1.0
      ],
      "conditions": [],
      "duration_bar": true,
      "duration_text": false,
      "stacks_text": false,
      "size": [
        256.0,
        181.0
      ]
    },
    {
      "enabled": true,
      "name": "Noevolve",
      "anchor": "Parent",
      "pos": [
        -267.0,
        -92.0
      ],
      "opacity": 0.65099996,
      "trigger": {
        "source": {
          "Buff": [
            77008
          ]
        },
        "threshold": {
          "threshold_type": "Missing",
          "amount_type": "Intensity"
        }
      },
      "filter": {
        "player": {
          "combat": null,
          "specs": [],
          "weapons": [],
          "traits": [],
          "mounts": []
        },
        "map": {
          "category": [],
          "whitelist": true,
          "ids": []
        }
      },
      "animation": null,
      "type": "Icon",
      "icon": {
        "File": "Amalgam\\noevolve.png"
      },
      "tint": [
        1.0,
        1.0,
        1.0,
        1.0
      ],
      "zoom": 1.0,
      "round": 0.0,
      "border_size": 0.0,
      "border_color": [
        0.0,
        0.0,
        0.0,
        1.0
      ],
      "conditions": [],
      "duration_bar": false,
      "duration_text": false,
      "stacks_text": false,
      "size": [
        256.0,
        181.0
      ]
    }
  ]
}